序号,书名,评分,评价人数,作者,出版社
1,用所有的存在与世界相会,9.3,35,作者/译者： 萧秋水 ,出版信息：  北京联合出版有限责任公司 / 2015-12-1 / 39.80
2,成功，动机与目标,9.1,216,作者/译者： 海蒂?格兰特?霍尔沃森 (Heidi Grant Halvorson) / 汤珑 ,出版信息：  译林出版社 / 2013-3-1 / 48.80元
3,打破自我的标签,9.1,49,作者/译者： 陈虎平 ,出版信息：  电子工业出版社 / 2016-1-1 / 55.00元
4,The Art of Learning,9.1,95,作者/译者： Josh Waitzkin ,出版信息：  Free Press / 2007-05-08 / GBP 16.99
5,Beyond Feelings,9,316,作者/译者： Vincent Ruggiero ,出版信息：  McGraw-Hill Higher Education / 2003-08-10 / GBP 38.99
6,权力与领导（第5版）,9,88,作者/译者： [美]詹姆斯・克劳森（James G. Clawson） / 马昕 ,出版信息：  世界图书出版公司・后浪出版公司 / 2015-2 / 52.00元
7,The Willpower Instinct,9,369,作者/译者： Kelly McGonigal ,出版信息：  Avery / 2011-12-29 / USD 26.00
8,优势谈判,9,138,作者/译者： [美]罗杰?道森 (Roger Dawson) / 刘祥亚 ,出版信息：  海天出版社 / 2012-1-1 / 68.00元
9,Asking the Right Questions,9,553,作者/译者： M. Neil Browne / Stuart M. Keeley ,出版信息：  Prentice Hall / 2006-2-10 / USD 48.20
10,The Road Less Traveled (少有人走的路),9,442,作者/译者： Peck ,出版信息：  Holiday House; Intl edition / 1997年 / 64.0
11,德鲁克管理思想精要,9,142,作者/译者： 德鲁克 / 李维安 ,出版信息：  机械工业出版社 / 2007-6 / 45.00元
12,卓有成效的管理者 （中英文双语典藏版）,9,1060,作者/译者： [美] 彼德・德鲁克 / 许是祥 ,出版信息：  机械工业出版社 / 2005-8 / 38.00元
13,作文三书（全三册）,9,95,作者/译者： 王鼎钧 ,出版信息：  国际文化 / 2007-12 / 54.00元
14,沟通圣经,8.9,37,作者/译者： [英]尼基・斯坦顿 / 罗慕谦 ,出版信息：  北京联合出版公司・后浪出版公司 / 2016-1 / 45.00元
15,松浦太郎f：假如我F在25q，最想做的50件事,8.9,36,作者/译者： 松浦太郎 / 蠲骶_ ,出版信息：  知文化 / 2015-2-6 / NT$300
16,影响力,8.9,4469,作者/译者： [美] 罗伯特・B. 西奥迪尼 / 张力慧 ,出版信息：  中国社会科学出版社 / 2001-12 / 38.00元
17,The Hard Thing About Hard Things,8.9,301,作者/译者： Ben Horowitz ,出版信息：  HarperBusiness / 2014-3-4 / USD 29.99
18,卓有成效的管理者,8.9,639,作者/译者： [美] 彼得・德鲁克 / 许是祥 ,出版信息：  机械工业出版社 / 2009-9 / 30.00元
19,穷查理宝典,8.9,719,作者/译者： [美] 查理・芒格 / [美] 彼得・考夫曼（编） / 李继宏 ,出版信息：  上海人民出版社 / 2010-05 / 398.00
20,Thinking Fast and Slow,8.9,261,作者/译者： Daniel Kahneman ,出版信息：  LANE ALLEN / 2011-11 / 288.00元
21,The Defining Decade,8.9,213,"作者/译者： Jay, Meg ",出版信息：  Twelve / 2012-4 / $ 25.98
22,一新世界,8.9,135,"作者/译者： 艾克哈特．托勒 / Tolle, Eckhart / 德芬 ",出版信息：  方智出版社股份有限公司 / 2008.7.25 / NT$290
23,智慧书,8.9,872,作者/译者： 巴尔塔沙・葛拉西安 / 英译：约瑟夫・雅各布斯 / 汉译：王涌芬 ,出版信息：  中央编译出版社 / 2008-10 / 28.00元
24,创能量,8.9,26,作者/译者： 林正刚 ,出版信息：  浙江人民出版社 / 2015-4 / 42.90
25,囚徒健身,8.8,2743,作者/译者： 保罗・威德 / 谷红岩 ,出版信息：  北京科学技术出版社 / 2013-10-1 / 79.00元
26,卓有成效的管理者,8.8,7324,作者/译者： [美] 彼得・德鲁克 / 许是祥 ,出版信息：  机械工业出版社 / 2005-6 / 28.00元
27,把时间当作朋友（第3版）,8.8,957,作者/译者： 李笑来 ,出版信息：  电子工业出版社 / 2013-10 / 59.00元
28,第五项修炼,8.8,1030,作者/译者： 彼得・圣吉 ,出版信息：  中信出版社 / 2009-10-1 / 58.00元
29,动机与人格,8.8,1004,作者/译者： 亚伯拉罕・马斯洛 (Abraham H.Maslow) ,出版信息：  中国人民大学出版社 / 2007-4-1 / 45.00元
30,人的潜能和价值,8.8,222,作者/译者： [美]马斯洛(Maslow A.H) 等著 / 林方 主编 ,出版信息：  华夏出版社 / 1987年2月一版一次 / 3.85元
31,伯恩斯新情绪疗法,8.8,406,作者/译者： [美] 戴维・伯恩斯 / 李亚萍 ,出版信息：  中国城市出版社 / 2011-1 / 49.80元
32,Beyond Feelings,8.8,62,作者/译者： Vincent Ruggiero ,出版信息：  McGraw-Hill Education / 2011-2-8 / $ 92.66
33,洛克菲勒留给儿子的38封信,8.8,2047,作者/译者： 约翰・D・洛克菲勒 (John Davison Rockefeller) / 严硕 ,出版信息：  中国妇女出版社 / 2004-7 / 29.80
34,自控力,8.8,43,作者/译者： [美] 凯利・麦格尼格尔 ,出版信息：  印刷工业出版社 / 2013-7-1 / 49.80元
35,The Power of Now,8.8,325,作者/译者： Eckhart Tolle ,出版信息：  New World Library / 2004-9 / USD 15.00
36,Make it Stick,8.8,26,"作者/译者： Brown, Peter C. ",出版信息：  The Belknap Press / 2014-4-25 / USD 31.58
37,沟通的艺术（插图修订第14版）,8.7,939,作者/译者： [美]罗纳德・B・阿德勒 / 拉塞尔・F・普罗科特 / 黄素菲 / 李恩 ,出版信息：  世界图书出版公司・后浪出版公司 / 2015-1 / 68.00元
38,被讨厌的勇气,8.7,273,作者/译者： 岸见一郎 / 古贺史健 / 渠海霞 ,出版信息：  机械工业出版社 / 2015-3-1 / 39.8
39,无器械健身,8.7,1236,作者/译者： 马克・劳伦 / 乔舒亚・克拉克 ,出版信息：  北京科学技术出版社 / 2012-9-1 / 49.00元
40,Becoming Steve Jobs,8.7,177,作者/译者： Brent Schlender / Rick Tetzeli ,出版信息：  Crown Business / 2015-3-24 / USD 30.00
41,小强升职记,8.7,463,作者/译者： 邹鑫 ,出版信息：  电子工业出版社 / 2014-4-1 / 39.00元
42,谈修养,8.7,735,作者/译者： 朱光潜 ,出版信息：  广西师范大学出版社 / 2004-11 / 16.00元
43,目标,8.7,1251,作者/译者： 艾利・高德拉特 / 杰夫・科克斯 / 齐若兰 ,出版信息：  电子工业出版社 / 2006.1 / 48.0
44,幸福超越完美,8.7,306,作者/译者： 泰勒?本-沙哈尔博士 / 倪子君 ,出版信息：  机械工业出版社 / 2011-4 / 39.00元
45,创新算法,8.7,81,作者/译者： 根里奇・斯拉维奇・阿奇舒勒 / 谭增波 / 茹海燕 ,出版信息：  华中科技大学出版社 / 2008-10 / 32.80元
46,强势,8.7,49,作者/译者： （美）曼纽尔 ? J ? 史密斯 / 欧阳瑾 / 陈 兰 ,出版信息：  江苏文艺出版社 / 2014-8 / 42.00元
47,自我导向行为,8.7,239,作者/译者： 戴维・L.华生 (David L.Watson) / 罗兰德・G.夏普 (Roland G.Tharp) / 陈侠 / 钟小族 / 陈丽 ,出版信息：  中国人民大学出版社 / 2009-7 / 48.00元
48,如何x一本,8.7,165,作者/译者： 莫提默．艾德勒（Mortimer J. Adler） / 查理．范多（Charles Van Doren） / 郝明x / 朱衣 ,出版信息：  台成 / 2003-7-1 / 新台420元
49,Willpower,8.7,323,作者/译者： Roy F. Baumeister / John Tierney ,出版信息：  Penguin Press / 2011-9 / GBP 17.85
50,不会写，怎敢拼外企――TCS三级跳 解析商务英语写作经典案例,8.7,84,作者/译者： 戴愫 ,出版信息：  上海译文出版社 / 2014-1 / 35元
51,Mastery,8.7,193,作者/译者： George Leonard ,出版信息：  Plume / 1992-2-1 / USD 15.00
52,如何阅读一本书,8.6,19913,作者/译者： [美] 莫提默・J. 艾德勒 / 查尔斯・范多伦 / 郝明义 / 朱衣 ,出版信息：  商务印书馆 / 2004-1 / 38.00元
53,把时间当作朋友,8.6,19689,作者/译者： 李笑来 ,出版信息：  电子工业出版社 / 2009-6 / 32.00元
54,万万没想到,8.6,2119,作者/译者： 万维钢（同人于野） ,出版信息：  电子工业出版社 / 2014-10-1 / CNY 39.80
55,影响力,8.6,19722,作者/译者： [美] 罗伯特・西奥迪尼 / 陈叙 ,出版信息：  中国人民大学出版社 / 2006-5 / 45.00元
56,小狗钱钱,8.6,6372,作者/译者： [德] 博多・舍费尔 / 王钟欣 / 余茜 ,出版信息：  中国工人出版社 / 2002-2 / 15.80元
57,你的生命有什么可能,8.6,1270,作者/译者： 古典 ,出版信息：  湖南文艺出版社 / 2014-5-1 / 35
58,追寻生命的意义,8.6,1646,作者/译者： [奥] 维克多・弗兰克 / 何忠强 / 杨凤池 ,出版信息：  新华出版社 / 2003-1 / 12.00元
59,格鲁夫给经理人的第一课,8.6,390,作者/译者： [美] 安迪?格鲁夫 / 巫宗融 ,出版信息：  中信出版社 / 2007-1 / 28.00元
60,第2份工作,8.6,636,作者/译者： 京宝儿 ,出版信息：  人民文学出版社 / 2012-9 / 28.00元
61,改善情绪的正念疗法,8.6,304,作者/译者： 马克・威廉姆斯 / 约翰・蒂斯代尔 / 谭洁清 ,出版信息：  湛庐文化策划 中国人民大学出版社 / 2009-10 / 39.80元
62,把时间当作朋友,8.6,2514,作者/译者： 李笑来 ,出版信息：  电子工业出版社 / 2010-8 / 32.00元
63,改变，从心开始,8.6,1550,作者/译者： 罗伊?马丁纳 / 胡因梦 ,出版信息：  云南人民出版社 / 2009-8-1 / 32.00元
64,伯恩斯新情绪疗法,8.6,437,作者/译者： [美] 伯恩斯 / 李安龙 ,出版信息：  北方文艺出版社 / 2007-7 / 39.0
65,个人的管理,8.6,302,作者/译者： [美] 彼得?德鲁克(Peter F.Drucker) / 沈国华 ,出版信息：  上海财经大学出版社 / 2003-8-1 / 28.00元
66,思维改变生活,8.6,300,作者/译者： [澳]埃德尔曼 / 黄志强 / 殷明 ,出版信息：  华东师范大学出版社 / 2008-1 / 38.00元
67,家庭收纳1000例,8.6,1578,作者/译者： (日)主妇之友社 / [日]近藤典子 / 刘丹云 ,出版信息：  吉林科学技术出版社 / 2006-5-1 / 29.8
68,谈判是什么,8.6,764,作者/译者： (英)盖温.肯尼迪 / 陈述 ,出版信息：  中国宇航出版社 / 2004-10-1 / 29.00
69,富爸爸穷爸爸（最新修订版）,8.6,241,作者/译者： 罗伯特・清崎 / 莎伦・莱希特 ,出版信息：  四川文艺出版社 / 2014-1-1 / CNY 28.00
70,再活一次,8.6,476,作者/译者： 纳塔莉・戈德堡 / 韩良忆 ,出版信息：  南方出版社 / 2008年3月 / 24.00元
71,The Start-up of You,8.6,170,作者/译者： Reid Hoffman / Ben Casnocha ,出版信息：  Crown Business / 2012-2-14 / USD 26.00
72,本杰明・富兰克林自传,8.6,317,作者/译者： [美] 本杰明・富兰克林 / 李自修 ,出版信息：  人民文学出版社 / 2004-7 / 11.00元
73,How To Win Friends And Influence People,8.6,409,作者/译者： Dale Carnegie ,出版信息：  Simon & Schuster (New York) / 1982-9-1 / GBP 5.50
74,沟通,8.6,38,作者/译者： 杜瓦特 / 冯海洋 / 刘芳 ,出版信息：  电子工业出版社 / 2013-4 / 92.00元
75,思想者,8.6,139,作者/译者： 查尔斯?汉迪 / 闾佳 ,出版信息：  人大出版社 / 2006-11 / 36.00元
76,项目管理,8.6,69,作者/译者： (美)哈罗德・科兹纳著 / 杨爱华等译（北京航空航天大学） ,"出版信息：  
       / 2002-9 / 108.00元"
77,超越智商,8.5,144,作者/译者： 【美】基思 E. 斯坦诺维奇（Keith E. Stanovich） / 张斌 ,出版信息：  机械工业出版社 / 2015-9-15 / 59.00元
78,非暴力沟通,8.5,2679,作者/译者： [美] 马歇尔・卢森堡 / 阮胤华 ,出版信息：  华夏出版社 / 2009-1 / 29.00元
79,柴犬绅士,8.5,127,作者/译者： [美] 大卫・冯 / [美] 叶娜・金 / 糸色空 ,出版信息：  北京联合出版公司 / 2015-10 / 68.00
80,暗时间,8.5,8329,作者/译者： 刘未鹏 ,出版信息：  电子工业出版社 / 2011-7 / 35.00元
81,学会提问,8.5,1863,作者/译者： [美] M.尼尔?布朗 / [美] 斯图尔特・基利 / 吴礼敬 ,出版信息：  机械工业出版社 / 2012-12 / 35.00元
82,情绪急救:应对各种日常心理伤害的策略和方法,8.5,109,作者/译者： 【美】盖伊?温奇博士 Guy Winch，Ph.D / 孙璐 ,出版信息：  上海社会科学院出版社 / 2015-8 / 35.00元
83,高效能人士的七个习惯,8.5,2803,作者/译者： 史蒂芬・柯维 / 高新勇 / 王亦兵 / 葛雪蕾 ,出版信息：  中国青年出版社 / 2010-10 / 49.00元
84,没事别随便思考人生,8.5,72,作者/译者： 鬼脚七 ,出版信息：  百花洲文艺出版社 / 2015-11 / 36.00
85,最简单的小户型收纳整理术,8.5,141,作者/译者： 日本主妇与生活社 / 吴宣劭 ,出版信息：  江西科学技术出版社 / 2012-10 / 42.00元
86,发展心理学,8.5,204,作者/译者： [美]David R.Shaffer / 邹泓 ,出版信息：  中国轻工业出版社 / 2005-2-1 / 75.00
87,第五项修炼,8.5,2716,作者/译者： [美] 彼得・圣吉 / 郭进隆 ,出版信息：  上海三联书店 / 2003-07 / 28.00元
88,为什么大猩猩比专家高明,8.5,544,作者/译者： （美）乔纳?莱勒 / 丁丹 ,出版信息：  东方出版社 / 2010年1月 / 29.00元
89,富兰克林自传,8.5,2009,作者/译者： 富兰克林 / 唐长孺 ,出版信息：  国际文化出版公司 / 2005年 / 28.8
90,说话就是生产力,8.5,254,作者/译者： 孙路弘 ,出版信息：  鹭江出版社 / 2010-11-1 / 32.00元
91,The Power of Habit,8.5,539,作者/译者： Charles Duhigg ,出版信息：  Random House / 2012-2-28 / GBP 17.88
92,活出最乐观的自己,8.5,511,作者/译者： 【美】马丁?塞利格曼（Martin E.P. Seligman ） / 洪兰 ,出版信息：  万卷出版公司 / 2010-8 / 45.00元
93,重塑心灵,8.5,1298,作者/译者： 李中莹 ,出版信息：  世界图书出版公司 / 2006-4 / 36.00元
94,高效演讲,8.5,168,作者/译者： 彼得?迈尔斯 (Peter Meyers) / 尚恩?尼克斯 (Shann Nix) / 马林梅 ,出版信息：  吉林出版集团有限责任公司 / 2013-4-1 / 39.80元
95,心灵的七种兵器,8.5,1732,作者/译者： 武志红 ,出版信息：  世界图书出版公司 / 2008-4 / 22.00元
96,当下的力量（珍藏版）,8.5,466,作者/译者： 埃克哈特?托利 (Eckhart Tolle) / 曹植 ,出版信息：  中信出版社 / 2013-7-1 / CNY 32.00
97,快思慢想,8.5,240,作者/译者： 康{曼 Daniel Kahneman / 洪m ,出版信息：  天下h出版股份有限公司 / 2012-10-31 / NT$500
98,Never Eat Alone,8.5,465,作者/译者： Keith Ferrazzi / Tahl Raz ,出版信息：  Crown Business / 2005-2 / USD 26.00
99,奇特的一生,8.5,954,作者/译者： (苏)格拉宁 / 侯焕闳 / 唐其慈 ,出版信息：  外国文学出版社 / 1979-8 / 0.37元
100,致青年学者,8.5,258,作者/译者： [西]圣地亚哥・拉蒙-卡哈尔 / 刘璐 ,出版信息：  新华出版社 / 2010-1 / 25.00元
101,幸福的真意,8.5,248,作者/译者： [美]米哈里・契克森米哈赖 / 张定绮 ,出版信息：  中信出版社 / 2009-1 / 25.00元
102,焦虑的意义,8.5,358,作者/译者： [美] 罗洛・梅 / 朱侃如 ,出版信息：  广西师范大学出版社 / 2010-11 / 37.00元
103,给研究生的学术建议,8.5,375,作者/译者： （英）彼得 / （英）鲁格 / 彭万华 ,出版信息：  北京大学出版社 / 2009-01-01 / 26.00元
104,销售巨人,8.5,134,作者/译者： [美] 尼尔・雷克汉姆 / 石晓军 ,出版信息：  中华工商联合出版社 / 2010-7 / 59.00元
105,理想的紊活,8.5,45,作者/译者： 多明妮克．洛_（Dominique Loreau） ,出版信息：  之 / 如果 / 2014-4
106,自我实现的人,8.5,263,作者/译者： 马斯洛 / 许金声 / 刘锋 ,出版信息：  生活.读书.新知三联书店 / 1987 / 0.85
107,我在哈佛的最后一堂课,8.5,259,作者/译者： 艾瑞克・赛诺威 / 梅里尔・麦道 / 马婧 ,出版信息：  北京联合出版公司 / 2013-4-1 / 36.00元
108,横向领导力,8.4,139,作者/译者： [美]罗杰・费希尔 / 艾伦・夏普 / 刘清山 ,出版信息：  北京联合出版公司・后浪出版公司 / 2015-11 / 32.00元
109,少有人走的路,8.4,47349,作者/译者： [美] M・斯科特・派克 / 于海生 ,出版信息：  吉林文史出版社 / 2007-1 / 26.00元
110,批判性思维,8.4,418,作者/译者： （美）理查德・保罗 / （美）琳达・埃尔德 ,出版信息：  新星出版社 / 2006 / 38.00元
111,谈话的力量,8.4,1277,作者/译者： （美）艾伦?加纳 / 林华 ,出版信息：  中国水利水电出版社 / 2004-9 / 22.00元
112,人性的弱点全集,8.4,17611,作者/译者： [美] 戴尔・卡耐基 / 袁玲 ,出版信息：  中国发展出版社 / 2008-1 / 25.00元
113,沟通的艺术,8.4,675,作者/译者： [美] 罗纳德・阿德勒 / [美] 拉塞尔・普罗克特 / 黄素非 ,出版信息：  世界图书出版公司 / 2010-12 / 32.00元
114,奇特的一生,8.4,4401,作者/译者： [苏] 格拉宁 / 侯焕闳 / 唐其慈 ,出版信息：  海燕出版社 / 2001-3 / 13.00元
115,改变,8.4,489,作者/译者： （美）瓦茨拉维克 / （美）威克兰德 / （美）菲什 / 夏林清 / 郑村棋 ,出版信息：  教育科学出版社 / 2007-11-1 / 18.0
116,小强升职记,8.4,4431,作者/译者： 邹鑫 ,出版信息：  北京出版社 / 2009-3 / 32.00
117,感谢自己的不完美,8.4,806,作者/译者： 武志红 ,出版信息：  中国华侨出版社 / 2014-4-1 / CNY 32.80
118,当下的幸福,8.4,181,作者/译者： [美] 米哈里・契克森米哈赖 / 张定绮 ,出版信息：  中信出版社 / 2011-6 / 28.00元
119,搞定,8.4,1487,作者/译者： [美]戴维・艾伦 / 张静 ,出版信息：  中信出版社 / 2010-5 / 29.00元
120,当下的力量,8.4,5414,作者/译者： [德] 埃克哈特・托利 / 曹植 ,出版信息：  中信出版社 / 2009-1 / 26.00
121,Getting Things Done,8.4,976,作者/译者： David Allen ,出版信息：  Penguin Books / 2002-12-31 / USD 16.00
122,象与骑象人,8.4,1033,作者/译者： （美）乔纳森・海特（Jonathan Haidt） / 李静瑶 ,出版信息：  中国人民大学出版社 / 2008-07-01 / 45.00
123,权力的48条法则,8.4,478,作者/译者： 罗伯特・格林 / 金马 / 卢安安　张小玲 ,出版信息：  东方出版中心 / 2007-7 / 38.00元
124,职场动物进化手册,8.4,1420,作者/译者： 雾满拦江 ,出版信息：  陕西师范大学出版社 / 2004-09 / 25.00
125,哈佛经典谈判术,8.4,142,作者/译者： 迪帕克・马尔霍特拉（Deepak Malhotra） / 马克斯・巴泽曼（Max H. Bazerman） / 吴奕俊 ,出版信息：  中国人民大学出版社 / 2009-9 / 42.00元
126,语言的魔力,8.4,365,作者/译者： 罗伯特・迪尔茨 / 谭洪岗 ,出版信息：  世界图书出版公司 / 2008-10 / 35.00元
127,说服,8.4,327,作者/译者： 杰瑞・魏斯曼 ,出版信息：  科学出版社 / 2005-5 / 28.00元
128,过犹不及-如何建立你的心理界线,8.4,186,作者/译者： [美]亨利・克劳德(Henry Cloud)  [美]约翰・汤森德(John Townsend) / 蔡岱安 ,出版信息：  海天出版社 / 2011-2 / 39.00元
129,象与骑象人,8.4,269,作者/译者： [美]乔纳森?海特（Jonathan Haidt） / 李静瑶 ,出版信息：  浙江人民出版社 / 2012-12 / 49.90元
130,怦然心拥娜松整理魔法 2,8.4,81,作者/译者： 近藤麻理惠 / 游馨 ,出版信息：  方智出版社股份有限公司 / 2013-4-25 / NT$250
131,实验心理学教程,8.4,80,作者/译者： （美）史密斯 / 郭秀艳 等 ,出版信息：  中国轻工业出版社 / 2006-1-1 / 40.00元
132,瞬变,8.4,63,作者/译者： [美] 奇普・希思 / [美] 丹・希思 / 姜奕晖 ,出版信息：  中信出版社 / 2014-4 / 46.00元
133,卡内基沟通与人际关系,8.4,356,作者/译者： (美)戴尔・卡内基|译者:詹丽茹 / 詹丽茹 ,出版信息：  中信 / 2008-12 / 28.00元
134,自控力,8.3,11191,作者/译者： [美]  凯利・麦格尼格尔 / 王岑卉 ,出版信息：  文化发展出版社(原印刷工业出版社) / 2012-8 / 39.80元
135,思考，快与慢,8.3,4234,作者/译者： [美] 丹尼尔・卡尼曼 / 胡晓姣 / 李爱民 / 何梦莹 ,出版信息：  中信出版社 / 2012-7 / 69.00元
136,这书能让你戒烟,8.3,1682,作者/译者： 亚伦?卡尔 / 严冬冬 ,出版信息：  吉林文史出版社 / 2008 / 29.00元
137,学习之道（第2版）,8.3,3835,作者/译者： [美] 乔希・维茨金 (Josh Waitzkin) / 苏鸿雁 / 谢京秀 ,出版信息：  中国青年出版社 / 2011-4 / 28.00元
138,Lean In,8.3,2079,作者/译者： Sheryl Sandberg ,出版信息：  Knopf / 2013-3-12 / USD 24.95
139,关键对话,8.3,685,作者/译者： （美）科里・帕特森（Kerry Patterson） / 约瑟夫・格雷尼（Joseph Grenny） / 罗恩・麦克米兰（Ron McMillan） / 毕崇毅 ,出版信息：  机械工业出版社 / 2012-6 / 39.00元
140,Mindset,8.3,100,作者/译者： Carol Dweck ,出版信息：  Ballantine Books / 2007-12-26 / USD 16.00
141,创造力,8.3,67,作者/译者： Mihaly Csikszentmihalyi / 黄珏苹 ,出版信息：  浙江人民出版社 / 2015-1-1 / 62.90
142,真实的幸福,8.3,1024,作者/译者： 【美】马丁?塞利格曼（Martin E.P. Seligman ） / 洪兰 ,出版信息：  万卷出版公司 / 2010.8 / 45.00元
143,拉伸,8.3,530,作者/译者： 鲍勃・安德森 / 边然 ,出版信息：  北京科学技术出版社 / 2010-10 / 32.00元
144,简单的艺术,8.3,623,作者/译者： 【法】多米尼克?洛罗（Dominique Loreau） / 多米妮克・洛罗 / 张之简 ,出版信息：  电子工业出版社 / 2012-8-15 / 29.90元
145,魏斯曼演讲圣经1,8.3,236,作者/译者： 杰瑞・魏斯曼 / 尹碧天 ,出版信息：  中国人民大学出版社 / 2012-6 / 54.99元
146,从优秀到卓越,8.3,399,作者/译者： 吉姆?柯林斯 (Jim Collins) ,出版信息：  中信出版社 / 2009-11-1 / 39.00元
147,考拉小巫的留学成长日记,8.3,605,作者/译者： 考拉小巫 ,出版信息：  中国青年出版社 / 2014-8-1 / CNY 36.00
148,时间管理,8.3,553,作者/译者： Thomas A.Limoncelli / O'Reilly Taiwan公司 ,出版信息：  东南大学出版社 / 2007 / 26.00元
149,瞬变,8.3,573,作者/译者： [美] 奇普.希思 / [美] 丹.希思 / 焦建 ,出版信息：  中信出版社 / 2010-11-1 / 33.00元
150,聪明人的圣经,8.3,297,作者/译者： 约瑟夫?基尔施纳 ,出版信息：  企业管理出版社 / 2002-10-1 / 18.00元
151,一念之转,8.3,890,作者/译者： [美] 拜伦・凯蒂 / 史蒂芬・米切尔 / 周玲莹 ,出版信息：  华文出版社 / 2009-9 / 28.00元
152,找寻逝去的自我,8.3,403,作者/译者： [美]丹尼尔・夏克 (Daniel L.Schacter) / 高申春 ,出版信息：  吉林人民出版社 / 1998 / 26.00元
153,走出抑郁,8.3,198,作者/译者： 吉尔伯特 / 宫宇轩 / 施承孙 ,出版信息：  中国轻工业出版社 / 2000-1 / 20.00元
154,管理者的10堂战略课（修订第4版）,8.3,37,作者/译者： [美]科尼利斯・德・克鲁维尔（Cornelis A. de Kluyver） / 约翰・皮尔斯二世（John A. Pearce II） / 马昕 ,出版信息：  世界图书出版公司・后浪出版公司 / 2015-6 / 36.00元
155,麦肯锡管理必读,8.3,77,作者/译者： 马克斯・兰茨伯格 / 曾献 ,出版信息：  新世界 / 2009-2 / 49.80元
156,高效能人士的七个习惯,8.3,33,作者/译者： 史蒂芬・柯维 (Stephen R.Covey) / 高新勇 / 王亦兵 ,出版信息：  中国青年出版社 / 2015-2-1 / CNY 68.00
157,成功没有逻辑,8.3,73,作者/译者： [美]文森特・罗阿 ,出版信息：  中国商业出版社 / 2003-12 / 23.80元
158,Power Sleep,8.3,1226,作者/译者： James B. Maas / Megan L. Wherry / David J. Axelrod / Barbara R. Hogan / Jennifer Bloomin ,出版信息：  William Morrow Paperbacks / 1998-12-9 / USD 13.99
159,So Good They Can't Ignore You,8.3,63,作者/译者： ,"出版信息： Newport, Cal / 2012-9 / $ 29.38"
160,这书能让你永久戒烟,8.3,100,作者/译者： 亚伦・卡尔 / 聂传炎 ,出版信息：  吉林文史出版社 / 2012-1-1 / 39.80元
161,女神日常修炼手册,8.2,105,作者/译者： 余点 ,出版信息：  北京联合出版公司 / 2015-12 / 42.00
162,当你的才华还撑不起你的梦想时,8.2,274,作者/译者： 特立独行的猫 ,出版信息：  武汉出版社 / 2016-1-1 / 36.80
163,高难度谈话,8.2,1364,作者/译者： [美] 道格拉斯・斯通 / 布鲁斯・佩顿 / 希拉・汉 / 王甜甜 ,出版信息：  中国城市出版社 / 2011-2 / 38.00元
164,拖延心理学,8.2,9898,作者/译者： [美] 简・博克(Jane B. Burka) / [美] 莱诺拉・袁(Lenora M. Yuen) / 蒋永强 / 陆正芳 ,出版信息：  中国人民大学出版社 / 2009-12 / 39.80元
165,高效能人士的七个习惯（精华版）,8.2,17896,作者/译者： [美] 史蒂芬・柯维 / 高新勇 / 王亦兵 / 葛雪蕾 ,出版信息：  中国青年出版社 / 2011-6 / 29.00元
166,金字塔原理,8.2,2154,作者/译者： 芭芭拉・明托 / 汪洱 高愉 ,出版信息：  南海出版社 / 2010-8 / 38.00元
167,按自己的意愿过一生,8.2,79,作者/译者： ,出版信息： 王潇 / 2016-1-1
168,明天过得怎么样，取决于今天的你怎么做,8.2,13,作者/译者： 三公子 ,出版信息：  现代出版社 / 2016-2-1 / 36.00
169,别做正常的傻瓜,8.2,4407,作者/译者： 奚恺元 ,出版信息：  机械工业出版社 / 2006-8 / 28.00元
170,活法,8.2,6090,作者/译者： （日）稻盛和夫 / 周庆玲 ,出版信息：  东方出版社 / 2005-03 / 24.00元
171,你的灯亮着吗?,8.2,2333,作者/译者： (美国)唐纳德?高斯等著 / 章柏幸 / 刘敏 ,出版信息：  清华大学出版社 / 2003-1 / 25.00元
172,人性的弱点,8.2,2493,作者/译者： 戴尔・卡内基 / 赵虚年 ,出版信息：  中国妇女出版社 / 2006-7 / 19.80元
173,批判性思维工具（原书第3版）,8.2,254,作者/译者： [美] 理查德・保罗 / [美] 琳达・埃尔德 / 侯玉波 / 姜佟琳 [等] ,出版信息：  机械工业出版社 / 2013-5 / 49.00元
174,怦然心拥娜松整理魔法,8.2,668,作者/译者： 近藤麻理惠 / 光 ,出版信息：  方智出版社股份有限公司 / 2011-10 / NT$250
175,比知识还多,8.2,147,作者/译者： 汪凯 / 爱德华?德?波诺 / 王以 / 汪凯 / 王以 ,出版信息：  企业管理出版社 / 2004-6 / 68.00元
176,十四堂人生创意课,8.2,13069,作者/译者： 李欣频 ,出版信息：  电子工业出版社 / 2008-1 / 26.00
177,赢,8.2,5521,作者/译者： （美） 杰克?韦尔奇，苏茜?韦尔奇 / 余江 ,出版信息：  中信出版社 / 2005-5 / 35.00元
178,天生敏感,8.2,55,作者/译者： 伊莱恩・ 阿伦 / 于娟娟 ,出版信息：  华夏出版社 / 2014-1 / 36.8
179,松浦太郎的100基本,8.2,333,作者/译者： 松浦弥太郎 / S薇 ,出版信息：  悦知文化 / 2013-5-1 / NT$290
180,你早该这么玩Excel,8.2,1333,作者/译者： 伍昊 ,出版信息：  北京大学出版社 / 2011-7-15 / 39.80元
181,每周工作4小时,8.2,241,作者/译者： 蒂莫西・费里斯 / 鹤梅 ,出版信息：  吉林出版集团有限责任公司 / 2012-7 / 39.80元
182,幸福的方法,8.2,2203,作者/译者： （以）泰勒?本-沙哈尔 / 汪冰 / 刘骏杰 ,出版信息：  当代中国出版社 / 2007-10 / 28.00元
183,我生活的种种模式,8.2,173,作者/译者： 赫尔伯特.A.西蒙(美) / 秦裕林/等 ,出版信息：  东方出版中心 / 2002-7 / 26.00
184,囚徒健身2,8.2,169,"作者/译者： 保罗・威德 (Paul ""Coach"" Wade) / 谷红岩 ",出版信息：  北京科学技术出版社 / 2014-11-1 / CNY 79.00
185,日日100,8.2,165,作者/译者： 松浦太郎 / Matsuura Yataro ,出版信息：  ~f利 / 一起来 / 2012-6-13
186,自在力,8.2,79,作者/译者： 【日】山下英子 / 陈颖 ,出版信息：  广西科学技术出版社 / 2015-4-1 / 32.00元
187,生命是长期而持续的累积,8.2,355,作者/译者： 彭明辉 ,出版信息：  光明日报出版社 / 2012-12 / 39.90元
188,自信的秘密,8.2,355,作者/译者： 罗伯特・安东尼 ,出版信息：  卢晓兰 / 2009-3 / 22.00元
189,如何赢得朋友及影响他人,8.2,131,作者/译者： 戴尔・卡耐基 / 蒋岚 ,出版信息：  光明日报出版社 / 2006-12 / 22.00元
190,必要的丧失,8.2,348,作者/译者： 朱迪思・维奥斯特（Judith Viorst） / 吴春玲，江滨 ,出版信息：  江苏人民出版社 / 2012-6-1 / 35.00元
191,髌婀P本MOLESKINE,8.2,66,作者/译者： 堀正岳 / 中牟田洋子 / 高谷宏 / f雅L ,出版信息：  知文化 / 2012-8-1 / NT$330
192,The Power of Full Engagement,8.2,155,作者/译者： Jim Loehr / Tony Schwartz ,出版信息：  Free Press / 2004-12 / USD 15.99
193,活法（修订版）,8.2,2773,作者/译者： [日]稻盛和夫 / 曹岫云 ,出版信息：  东方出版社 / 2009-10 / 26.00元
194,请理解我,8.2,530,作者/译者： [美] 大卫・凯尔西 / 王甜甜 ,出版信息：  中国城市出版社 / 2011-2 / 45.00元
195,自尊的6大支柱,8.2,94,作者/译者： 纳撒尼尔・布兰登 / Nathaniel Branden / 吴齐 ,出版信息：  红旗出版社 / 1998年2月 / 19.8
196,硬派健身,8.1,1318,作者/译者： 斌卡 ,出版信息：  湖南文艺出版社 / 2015-5 / 48.00元
197,向前一步,8.1,6402,作者/译者： [美]谢丽尔・桑德伯格（Sheryl Sandberg） / 颜筝 ,出版信息：  中信出版社 / 2013-6-30 / 39.00元
198,金字塔原理,8.1,3278,作者/译者： [美] 巴巴拉・明托 / 王德忠 / 张 ,出版信息：  民主与建设出版社 / 2002-12 / 39.80元
199,关键对话,8.1,217,作者/译者： 科里帕特森 / 艾尔斯维斯勒 / 约瑟夫?格雷尼 / 让?麦克米兰 / 孙芳 ,出版信息：  中国财政经济出版社 / 2004-8-1 / 29.80元
200,尽管去做,8.1,2152,作者/译者： (美) 戴维q艾伦 / 张静 ,出版信息：  中信出版社 / 2003-09-01 / 21.00元
201,沃顿商学院最实用的谈判课（原书第2版）,8.1,157,作者/译者： （美）G. 理查德?谢尔 / 林民旺 / 李翠英 ,出版信息：  机械工业出版社 / 2013-10 / 39.00
202,意志力,8.1,1874,作者/译者： [美] 罗伊・鲍迈斯特 / [美] 约翰・蒂尔尼 / 丁丹 ,出版信息：  中信出版社 / 2012-6 / 39.00元
203,财务自由之路,8.1,1005,作者/译者： 博多・舍费尔 / 刘元 ,出版信息：  南海出版社 / 2010年1月 / 28.00元
204,从优秀到卓越,8.1,4078,作者/译者： [美] 吉姆・柯林斯 / 俞利军 ,出版信息：  中信出版社 / 2006-7 / 39.00元
205,考拉小巫的英语学习日记,8.1,9460,作者/译者： 考拉小巫 ,出版信息：  中国青年出版社 / 2012-1 / 25.00元
206,看见成长的自己,8.1,282,作者/译者： 卡罗尔・晕た / 杨百彦 / 乔慧存 / 杨馨 ,出版信息：  中信出版社 / 2011-6 / 29.80元
207,安静,8.1,1030,作者/译者： 苏珊?凯恩 / 高洁 ,出版信息：  中信出版社 / 2012-9-1 / 39.00元
208,坚强工作，温柔生活,8.1,150,作者/译者： [日]佐佐木常夫 / 冷婷 ,出版信息：  北京联合出版公司 / 2013-10-20 / 32元
209,系统思考,8.1,324,作者/译者： [美] 丹尼斯・舍伍德 ,出版信息：  机械工业出版社 / 2008-5-2 / 38.00元
210,"Learn More, Study Less",8.1,605,作者/译者： Scott H Young ,出版信息：  crowncheng / 2009 / USD 39.00
211,别独自用餐,8.1,1416,作者/译者： [美] 基思・法拉奇 / 施宇光 ,出版信息：  世界知识出版社 / 2010-10 / 32.00元
212,情绪的解析,8.1,610,作者/译者： [美]保罗・艾克曼 / 杨旭 ,出版信息：  南海出版公司 / 2008-1 / 25.00元
213,至关重要的关系,8.1,513,作者/译者： 里德・霍夫曼 / 本・卡斯诺瓦 / 钱峰 ,出版信息：  北京联合出版公司 / 2013-5 / 39.80
214,20岁，光阴不再来,8.1,373,作者/译者： [美]梅格・杰伊 / 陈磊 / 袁靖亚 ,出版信息：  广西科学技术出版社 / 2014-1-10 / 35.00元
215,敏感的人:如何面对外界压力,8.1,179,作者/译者： 伊莱恩・N・阿伦 ,出版信息：  上海译文出版社 / 2001.12 / 17.60元
216,精神焦虑症的自救（病理分析卷）,8.1,150,作者/译者： 克莱尔・威克斯 ,出版信息：  新疆青少年出版社 / 2012-11 / 19.00元
217,我最想要的记忆魔法书,8.1,354,作者/译者： 多米尼克?奥布莱恩 (O'Berien.D.) / 冯亚彬 ,出版信息：  新世界出版社 ・阳光博客 / 2011-8-1 / 32.00元
218,个人理财,8.1,89,作者/译者： Arthur J.Keown / 汪涛 / 郭宁 ,出版信息：  中国人民大学出版社 / 2010-5 / 79.00元
219,活法,8.1,673,作者/译者： 稻盛和夫 ,出版信息：  东方出版社 / 2012-5-1 / 27.00元
220,小狗钱钱的爸爸教你实现财务自由,8.1,260,作者/译者： 博多・舍费尔 / 张淑惠 / 蔡慈皙 ,出版信息：  中国青年出版社 / 2012-7 / 29.80元
221,决策的艺术,8.1,117,作者/译者： [美] 约翰・S.哈蒙德 / 孙涤 [等] ,出版信息：  上海人民出版社 / 2003-3 / 24.00元
222,不要等到毕业以后,8.1,660,作者/译者： 张志 ,出版信息：  江苏文艺出版社 / 2013-6-1 / CNY 30.00
223,D解 一就成真！神奇高效手すPg,8.1,24,作者/译者： 佐藤惠 / 蔡蓉 ,出版信息：  核果文化事I有限公司 / 2014-12-4 / NT$300
224,谷物大脑,8.1,64,作者/译者： （美）戴维?珀尔玛特（David Perlmutter） / 克里斯廷?洛伯格（Kristin Loberg） / 温F ,出版信息：  机械工业出版社 / 2015-5-20 / 45.00元
225,投资大师罗杰斯给宝贝女儿的12封信,8.1,800,作者/译者： [美] 吉姆・罗杰斯 / 洪兰 ,出版信息：  中国青年出版社 / 2009-1 / 28.00
226,What I Wish I Knew When I Was 20,8.1,657,作者/译者： Tina Seelig ,出版信息：  HarperOne / 2009-4-14 / USD 22.99
227,魏斯曼演讲圣经3,8.1,75,作者/译者： 杰瑞・魏斯曼 / 黄杨勋 ,出版信息：  中国人民大学出版社 / 2012-6 / 49.99元
228,人性的优点,8.1,683,作者/译者： 戴尔・卡耐基 / 刘祜 ,出版信息：  中国城市 / 2006-2 / 19.80元
229,拆掉思维里的墙（精装版）,8.1,779,作者/译者： 古典 ,出版信息：  北京联合出版公司 / 2011-9-9 / 39.80元
230,怦然心动的人生整理魔法,8,5730,作者/译者： 〔日本〕近藤麻理惠 / 徐明中 ,出版信息：  译林出版社 / 2012-5 / 28.00元
231,恰如其分的自尊,8,246,作者/译者： 【法】克里斯托弗?安德烈 / 【法】弗朗索瓦?勒洛尔 / 周行 ,出版信息：  生活・读书・新知三联书店  生活书店出版有限公司 / 2015-8-1 / 42.00元
232,轻松学会独立思考,8,170,作者/译者： 张志 / 黄鑫 / 胡晓 ,出版信息：  九州出版社 / 2015-7 / 30.00元
233,拆掉思维里的墙,8,21964,作者/译者： 古典 ,出版信息：  中国书店 / 2010-9 / 29.80元
234,习惯的力量,8,3031,作者/译者： [美] 查尔斯・杜希格 (Charles Duhigg) / 吴奕俊 / 曹烨 ,出版信息：  中信出版社 / 2013-3 / 42.00元
235,思考的技术,8,2040,作者/译者： 大前研一 / 刘锦秀 / 谢育容 ,出版信息：  中信出版社 / 2008年7月 / 25.00元
236,准备好了吗？开始工作吧！,8,86,作者/译者： [日]小山升 / 陈怡萍 ,出版信息：  北京联合出版公司・后浪出版公司 / 2015-9 / 29.80元
237,最重要的事，只有一件,8,56,作者/译者： [美] 加里・凯勒 / [美]杰伊・帕帕森 / 张宝文 ,出版信息：  中信出版社 / 2015-11 / 35.00元
238,零秒思考,8,568,作者/译者： [日]赤羽雄二 / 曹倩 ,出版信息：  北京联合出版公司・后浪出版公司 / 2014-12 / 28.00元
239,哪来的天才？,8,1898,作者/译者： [美] 杰夫・科尔文 / 张磊 ,出版信息：  中信出版社 / 2009-9 / 28.00元
240,挺住，意味着一切,8,1554,作者/译者： 赵星 ,出版信息：  北京联合出版公司 / 2013-4 / 29.8
241,10秒钟让自己不同凡响,8,189,作者/译者： [美] 莉儿・朗帝 / 罗倩宜 ,出版信息：  海南出版社 / 2001-5 / 19.80元
242,思考的技术,8,1256,作者/译者： [日]大前研一 / 刘锦秀 / 谢育容 ,出版信息：  中信出版社 / 2010-11 / 32.00元
243,世界上最伟大的推销员,8,5137,作者/译者： [美] 奥格・曼狄诺 / 安辽 ,出版信息：  世界知识出版社 / 2002-8 / 16.80元
244,金字塔原理,8,210,作者/译者： 芭芭拉・明托 (Barbara Minto) / 汪洱 / 高愉 ,出版信息：  南海出版公司 / 2013-11-1 /  49.00
245,尤克里里完全入门24课,8,161,作者/译者： 陈建廷 ,出版信息：  吉林出版集团 / 2010-7 / 38.00元
246,快速阅读,8,630,作者/译者： [德]克里斯蒂安?葛朗宁 / 郝 ,出版信息：  中信出版社 / 2010-12 / 35.00元
247,聪明人的训练,8,109,作者/译者： 基尔施纳 / 徐丽莉 ,出版信息：  企业管理出版社 / 2004-5-1 / 18.00
248,这些道理没有人告诉过你,8,659,作者/译者： 杨萃先 / 张有明 / 万泓楷 / 郭丹锐 ,出版信息：  北京联合出版公司 / 2012-11 / 36.80元
249,你要如何衡量你的人生,8,654,作者/译者： [美]克莱顿?克里斯坦森 / [澳]詹姆斯?奥沃斯 / [美]凯伦?迪伦 / 丁晓辉 ,出版信息：  吉林出版集团有限责任公司 / 2013-1-1 / 29.80元
250,思考致富,8,794,作者/译者： （美）希尔 / 曹爱菊 ,出版信息：  中信出版社 / 2003-01 / 21.00
251,考无不胜,8,70,作者/译者： 陈祥星 ,出版信息：  华文出版社 / 2002-1-1 / 18.00
252,全力以赴,8,382,作者/译者： (美国)吉姆?洛尔  (美国)托尼?施瓦茨 / 肖亭 ,出版信息：  中信 / 2010-6 / 35.00元
253,职场不逃跑,8,393,作者/译者： 小V ,出版信息：  中信出版社 / 2014-11 / 38.00
254,销售无处不在,8,503,作者/译者： 廖敏夫 ,出版信息：  中国商业出版社 / 2013-1 / 32.80元
255,战胜拖拉,8,980,作者/译者： [美] 尼尔・菲奥里 / 张心琴 ,出版信息：  东方出版社 / 2008-6 / 29.00元
256,女人明白要趁早之和潇洒姐塑身100天,8,471,作者/译者： 王潇 ,出版信息：  北京联合出版公司 / 2013-12 / 58.00元
257,高效能人士的执行4原则,8,72,作者/译者： [美]克里斯?麦克切斯尼、 肖恩?柯维、 吉姆?霍林 / 张尧然 / 杨颖h ,出版信息：  中国青年出版社 / 2013-2 / 39.00元
258,你的误区,8,1265,作者/译者： 韦恩.W.戴尔 / 崔京瑞 / 王南 ,出版信息：  群言出版社 / 2007年4月 / 20.80元
259,唤醒心中的巨人,8,160,作者/译者： 安东尼・罗宾 / 王平 ,出版信息：  中国城市出版社 / 2011-2 / 45.00元
260,YOU：身体使用手册,8,1154,作者/译者： (美)罗伊森 / 兆彬 / 俞睿 ,出版信息：  译林出版社 / 2006-8 / 29.00元
261,拆掉思维里的墙,8,312,作者/译者： 古典 ,出版信息：  北方妇女儿童出版社 / 2011-9-1 / 29.80元
262,趋势的力量,8,302,作者/译者： 赵正宝 ,出版信息：  中国广播电视出版社 / 2012-11 / 32.00元
263,魏斯曼演讲圣经2,8,86,作者/译者： 杰瑞・魏斯曼 / 闾佳 ,出版信息：  中国人民大学出版社 / 2012-6 / 42.99元
264,W靖o女生的跑步,8,317,作者/译者： W靖 ,出版信息：  大K文化出版股份有限公司 / 2013-11-28 / NT$350
265,坞x,8,161,作者/译者： 山下英子 / 羊恩 ,出版信息：  平安文化有限公司 / 2011-10 / 100.00元
266,心理定向与成功,8,109,作者/译者： 卡罗尔・德韦克 / 王成全 ,出版信息：  人民邮电出版社 / 2007-12 / 29.90元
267,自我（第2版）,7.9,16,作者/译者： [美]乔纳森・布朗（Jonathon D. Brown） / 玛格丽特・布朗（Margaret A. Brown） / 王伟平 陈浩莺 译 / 彭凯平 审校 ,出版信息：  人民邮电出版社 / 2015-1 / 88.00元
268,简单冥想术：激活你的潜在创造力,7.9,30,作者/译者： [英] 安迪?普迪科姆（Andy Puddicombe） / 林盛 ,出版信息：  电子工业出版社 / 2014-3 / 35.00
269,知行合一王阳明（1472―1579）,7.9,536,作者/译者： 度阴山 ,出版信息：  北京联合出版公司 / 2014-7-15 / 36.00
270,麦肯锡教我的写作武器,7.9,699,作者/译者： [日]高杉尚孝 / 郑舜珑 ,出版信息：  北京联合出版公司・后浪出版公司 / 2013-7 / 32.00元
271,精力管理,7.9,702,作者/译者： （美）洛尔等 / 付涛 ,出版信息：  中信出版社 / 2003-12 / 25.00元
272,30岁前别结婚,7.9,4274,作者/译者： [美] 陈愉 / 王剑波 ,出版信息：  中信出版社 / 2012-5 / 32.00元
273,超级快速阅读,7.9,854,作者/译者： [德] 克里斯蒂安・格吕宁 / 郝 ,出版信息：  中信出版社 / 2011-4 / 35.00元
274,大道当然,7.9,830,作者/译者： 王石 ,出版信息：  中信出版社 / 2014-3 / 49.00元
275,学会独立思考,7.9,260,作者/译者： 张志 / 黄鑫 ,出版信息：  九州出版社 / 2014-6-1 / CNY 32.00
276,番茄工作法图解,7.9,129,作者/译者： ［瑞典］Staffan N?teberg / 大　胖 ,出版信息：  人民邮电出版社 / 2014-10 / 39.00元
277,不懂项目管理，还敢拼职场,7.9,2190,作者/译者： 李治 ,出版信息：  湖南文艺出版社 / 2011-6 / 32.00元
278,高效能人士的时间和个人管理法则,7.9,139,作者/译者： 希鲁姆・W・史密斯 (Hyrum W.Smith) ,出版信息：  中国青年出版社 / 2013-11-1 / CNY 49.00
279,0到1,7.9,236,作者/译者： Peter Thiel / Blake Masters / 季晶晶 ,出版信息：  天下sI出版社 / 2014-10-7 / TWD 360.00
280,1000种梦的解析,7.9,15,作者/译者： 大卫?丰塔纳 / 梁冠男 ,出版信息：  中国友谊出版公司 / 2015-12 / 68.00元
281,52周记忆魔法实战手册,7.9,74,作者/译者： 多米尼克?奥布莱恩 (Dominic O'Brien) / 刘　颖 ,出版信息：  新世界出版社 / 2012-11-1 / 32.00元
282,结构思考力,7.9,48,作者/译者： 李忠秋 ,出版信息：  电子工业出版社 / 2014-9-1 / 39.00
283,要事第一,7.9,638,作者/译者： [美] 史蒂芬・柯维 / 罗杰・梅里尔 / 丽贝卡・梅里尔 / 刘宗亚等 ,出版信息：  中国青年出版社 / 2010-10-1 / 28.00
284,如何在大学里脱颖而出,7.9,963,作者/译者： 卡尔・纽坡特 / 赵娟 ,出版信息：  海天出版社 / 2005-7 / 14.80元
285,YOU：身体锻炼手册,7.9,259,作者/译者： 迈克尔・罗伊森，罗伊森 / 王伟伟 ,出版信息：  江苏科技出版社 / 2008-1 / 19.80元
286,如何独处,7.8,154,作者/译者： [美] 乔纳森・弗兰岑 / 洪世民 ,出版信息：  南海出版公司 / 2015-8-1 / CNY 39.50
287,清醒思考的艺术,7.8,3983,作者/译者： [德]罗尔夫・多贝里 ,出版信息：  中信出版社 / 2013-1-13 / 35.00元
288,异类,7.8,8998,作者/译者： [美] 马尔科姆・格拉德威尔 / 季丽娜 ,出版信息：  中信出版社 / 2009-6 / 26.00
289,怦然心动的人生整理魔法2,7.8,667,作者/译者： [日]近藤麻理惠 / 颜尚吟 ,出版信息：  译林出版社 / 2014-3-1 / 32
290,旅行，人生最有价值的投资,7.8,1212,作者/译者： 吉姆・罗杰斯 / 张俊生 ,出版信息：  中信出版社 / 2011-7 / 32.00元
291,情商：为什么情商比智商更重要,7.8,1356,作者/译者： [美]丹尼尔・戈尔曼 / 杨春晓 ,出版信息：  中信出版社 / 2010-08-01 / 58.00元
292,麦肯锡教我的思考武器,7.8,406,作者/译者： [日]安宅和人 / 郭菀琪 ,出版信息：  北京联合出版公司・后浪出版公司 / 2013-12 / 29.80元
293,跑步，该怎么跑？,7.8,455,作者/译者： （美）尼可拉斯・罗曼诺夫 / 约翰・罗伯逊 / 徐国锋 ,出版信息：  新星出版社 / 2014-7 / 58
294,女人明白要趁早之三观易碎,7.8,2200,作者/译者： 王潇 ,出版信息：  北京联合出版公司 / 2013-4-1 / 32.00元
295,商业模式新生代（个人篇）,7.8,523,作者/译者： （美国）蒂姆・克拉克 / （瑞士）亚历山大・奥斯特瓦德 / （比利时）伊夫・皮尼厄 / 毕崇毅 ,出版信息：  机械工业出版社华章公司 / 2012-7-1 / 89.00元
296,明智行动的艺术,7.8,1024,作者/译者： [德]罗尔夫?多贝里（Rolf Dobelli） / 刘菲菲 ,出版信息：  中信出版社 / 2013-7 / 35.00元
297,99%的新人，没用心做好的50件事,7.8,598,作者/译者： (日) 岩濑大辅 / 千太阳 ,出版信息：  中信出版社 / 2013-9 / 32.00元
298,选择的悖论,7.8,443,作者/译者： 巴里?施瓦茨 (Barry Schwartz) / 梁嘉歆 / 黄子威 / 彭珊怡 ,出版信息：  浙江人民出版社 / 2013-3-1 / 45.90元
299,女人明白要趁早之米字路口问答,7.8,253,作者/译者： 王潇 ,出版信息：  北京联合出版公司 / 2014-12-1 / 39.00元
300,渡过,7.8,34,作者/译者： 张进 ,出版信息：  中国工人出版社 / 2015-9-1 / CNY 29.80
301,精力管理,7.8,60,作者/译者： 吉姆・洛尔 (Jim Loehr) / 托尼・施瓦茨 (Tony Schwartz) / 高向文 ,出版信息：  中国青年出版社 / 2015-8-1 / CNY 39.80
302,硅谷最受欢迎的情商课,7.8,237,作者/译者： [新] 陈一鸣 / 汤冬冬 / 柴丹 ,出版信息：  中信出版社 / 2013-6-5 / 42
303,顾中一说：我们到底应该怎么吃？,7.8,423,作者/译者： 顾中一 ,出版信息：  科学技术文献出版社 / 2015-1 / 39.80元
304,思维导图系列丛书（全五册）,7.8,427,作者/译者： 东尼・博赞（Tony Buzan) / 叶刚 ,出版信息：  中信出版社 / 2009-4 / 101.00元
305,战胜拖延症,7.8,461,作者/译者： （加）蒂莫西・A・皮切尔 / （加）保罗・曼森 / 金波 ,出版信息：  湖北教育出版社 / 2014-3 / 36.8
306,一生的计划,7.8,641,作者/译者： 格莱恩・布兰 / 理子 / 罗鲲 ,"出版信息：  
       / 2003-1 / 20.00元"
307,控制焦虑,7.8,104,作者/译者： （美）阿尔伯特?埃利斯（Albert Ellis） / 李卫娟 ,出版信息：  机械工业出版社 / 2014-1 / 35.00
308,直面内心的恐惧,7.8,3285,作者/译者： [德] 弗里兹・李曼 / 杨梦茹 ,出版信息：  山西人民出版社 / 2007-10 / 25.00元
309,思维导图,7.8,425,作者/译者： 托尼.巴赞(英) / 李斯 ,出版信息：  作家出版社 / 1998-12 / 26.00
310,有钱人想的和你不一样,7.8,490,作者/译者： 哈维・艾克 / 漆仰平 / 赖伟雄 ,出版信息：  中国社会科学出版社 / 2008-1 / 20.00元
311,全新思维,7.8,615,作者/译者： 平克 / 林娜 ,出版信息：  北京师范大学出版社 / 2006-1 / 32.00元
312,谈判力,7.7,684,作者/译者： [美] 罗杰・费希尔 ,出版信息：  中信出版社 / 2009-4 / 22.00元
313,今天也要用心过生活,7.7,762,作者/译者： 松浦弥太郎 / 张富玲 / 浦睿文化 ,出版信息：  湖南人民出版社 / 2015-1 / 32.00元
314,稀缺,7.7,716,作者/译者： 塞德希尔・穆来纳森 / 埃尔德・沙菲尔 / 魏薇 / 龙志勇 ,出版信息：  浙江人民出版社 / 2014-11 / 56.90元
315,100个基本,7.7,2032,作者/译者： [日]松浦弥太郎 / 尹宁 / 浦睿文化,出版信息： 湖南人民出版社 / 2014-4-10 / 42.00元
316,番茄工作法图解,7.7,7694,作者/译者： [瑞典] Staffan N?teberg / 大胖 ,出版信息：  人民邮电出版社 / 2011-2 / 29.00元
317,思考的艺术,7.7,514,作者/译者： [美] 文森特・赖安・拉吉罗 / 马昕 ,出版信息：  世界图书出版公司・后浪出版公司 / 2010-11 / 32.00
318,就因椤]rg」，才什N都能k到,7.7,60,作者/译者： 吉田[波 / 李h庭 ,出版信息：  如何出版社有限公司 / 2014-3-25 / NT$270
319,奇特的一生,7.7,1169,作者/译者： [俄] 格拉宁 / 侯焕闳 / 唐其慈 ,出版信息：  北京联合出版公司 / 2013-10 / 32.00元
320,麦肯锡方法,7.7,2488,作者/译者： （美）埃森?M?拉塞尔 / 赵睿 / 岳永德 ,出版信息：  华夏出版社 / 2001-1 / 25.00元
321,内向者优势,7.7,3810,作者/译者： Marti Olsen Laney / 杨秀君 ,出版信息：  华东师范大学出版社 / 2008-1 / 29.80元
322,爱上跑步的13周,7.7,1170,作者/译者： 伊恩・麦克尼尔 / 加拿大不列颠哥伦比亚运动医学理事会 / 潘小飞 ,出版信息：  南海出版公司 / 2014-1 / CNY 32.00
323,像TED一样演讲,7.7,208,作者/译者： [美]卡迈恩・加洛（Carmine Gallo） / 宋瑞琴 / 刘迎 ,出版信息：  中信出版社 / 2015-1 / 39.00元
324,每周工作4小时,7.7,1839,作者/译者： [美] 蒂莫西・费里斯 / 徐慧玲 ,出版信息：  湖南文艺出版社 / 2008-4 / 38.00元
325,不能不去爱的两件事,7.7,751,作者/译者： [日]松浦弥太郎 / 张富玲 ,出版信息：  湖南人民出版社 / 2013-11 / 32.00元
326,少有人走的路Ⅱ,7.7,3671,作者/译者： [美] M・斯科特・派克 / 刘素云 / 张兢 ,出版信息：  吉林文史出版社 / 2008-10 / 26.00
327,这一生，静待时光检验,7.7,799,作者/译者： 萧秋水 ,出版信息：  新世界出版社 / 2014-10-1 / 36.00
328,雅致生活,7.7,460,作者/译者： 亚历山德拉・斯托达德 / 曾森 ,出版信息：  中国广播电视出版社 / 2006-2 / 26.00元
329,像我这样轻松地生活,7.7,60,作者/译者： [日]松浦弥太郎 / 王蕴洁 ,出版信息：  长江文艺出版社 / 2015-12 / 38.00元
330,不如任性过生活,7.7,29,作者/译者： 蔡澜 ,出版信息：  北京时代华文书局 / 2016-1-1 / 36.80元
331,女人明白要趁早,7.7,1301,作者/译者： 王潇 ,出版信息：  陕西人民出版社 / 2013-5 / 38.00元
332,简单生活的艺术,7.7,302,作者/译者： 多米妮克・洛罗 / 王春慧 ,出版信息：  上海文艺出版社 / 2011-3 / 20.00元
333,少有人走的路III,7.7,1287,作者/译者： 摩尔 / 严冬冬 ,出版信息：  吉林文史出版社 / 2009-4 / 28.00元
334,生命的心流,7.7,357,作者/译者： [美]米哈里・契克森米哈赖 / 陈秀娟 ,出版信息：  中信出版社 / 2009-1 / 18.00元
335,应届生求职简历全攻略,7.7,124,作者/译者： 应届生求职网 ,出版信息：  上海交大 / 2009-8 / 25.00元
336,驱动力,7.7,506,作者/译者： [美] 丹尼尔?平克 / 龚怡屏 ,出版信息：  中国人民大学出版社 / 2012-2 / 42.00元
337,积极情绪的力量,7.7,175,作者/译者： 【美】芭芭拉?弗雷德里克森 / 王B / 阳志平 校 ,出版信息：  中国人民大学 / 2010-12 / 39.80元
338,现在的泪，都是当年脑子进的水,7.7,356,作者/译者： 马华兴 ,出版信息：  九州出版社 / 2014-8-1 / 35.00元
339,事本A粲,7.7,1167,作者/译者： 熊谷正 / 王淑x ,出版信息：  商周出版 / 2007 / NT$260
340,让大脑自由,7.7,621,作者/译者： 约翰?梅迪纳 ,出版信息：  湛庐文化策划 中国人民大学出版社 / 2009.11 / 39.80元
341,佐藤可士和的创意思考术,7.7,586,作者/译者： 佐藤可士和 / 时江涛 ,出版信息：  北京科学技术出版社 / 2011-8-1 / 39.00元
342,习得性无助,7.7,87,作者/译者： ：（美）克里斯托弗・彼得森 （Christopher Peterson）史蒂文・迈尔（Steven F.Maier）　　　马丁・塞利格曼（Martin E.P.Seligman） / 戴俊毅 ,出版信息：  机械工业出版社 / 2010-12-20 / 42.00元
343,潜伏在办公室,7.7,2799,作者/译者： 陆琪 ,出版信息：  长江文艺出版社 / 2009.8.1 / 28.00元
344,一分钟经理人,7.7,1037,作者/译者： 肯・布兰查德 / 斯宾塞・约翰逊 / 周晶 ,出版信息：  南海出版社 / 2004-3-1 / 18.00元
345,做事的常识,7.6,249,作者/译者： [日]小仓广 / 郭乃雯 ,出版信息：  北京联合出版公司・后浪出版公司 / 2015-9 / 32.00元
346,断舍离,7.6,8206,作者/译者： 山下英子 / 吴倩 ,出版信息：  广西科学技术出版社 / 2013-7-30 / CNY 32.00
347,人生定位,7.6,372,作者/译者： （美）阿尔・里斯（Al Ries） / 杰克・特劳特（Jack Trout） / 何峻 / 王俊兰 ,出版信息：  机械工业出版社 / 2011-9 / 42.00元
348,跟巴黎名媛学到的事,7.6,892,作者/译者： 珍妮弗・L・斯科特 / 马颖 / 但功勤 ,出版信息：  中信出版社 / 2013-5 / 32.00元
349,你可以拥有你想要的生活,7.6,184,作者/译者： 艾小玛 ,出版信息：  北京联合出版公司 / 2015-6 / 36.8元
350,佐藤可士和的超整理术,7.6,7096,作者/译者： [日] 佐藤可士和 / 常纯敏 ,出版信息：  江苏美术出版社 / 2009-6 / 38.00
351,活用一子的Pg,7.6,215,作者/译者： W野宣之 / 秋明 ,出版信息：  大田出版有限公司 / 2011-10-24 / NT$250
352,干法,7.6,1546,作者/译者： (日) 稻盛和夫 / 曹岫云 ,出版信息：  华文出版社 / 2010-5 / 36.00元
353,你的生存本能正在杀死你,7.6,144,作者/译者： [美]马克・舍恩 / 蒋宗强 ,出版信息：  中信出版社 / 2014-6 / 39.00
354,逻辑思维，只要5步,7.6,104,作者/译者： [日] 下地宽也 / 朱荟 ,出版信息：  企业管理出版社 / 2014-10 / 32.80
355,吸引力法则,7.6,740,作者/译者： 杰克?坎菲尔德  D.D. 沃特金 / 张彩 ,出版信息：  中国城市出版社 / 2009年6月 / 25.00元
356,心理控制术,7.6,1732,作者/译者： [美] 麦克斯威尔・马尔茨 / 洪友 ,出版信息：  群言出版社 / 2007-11 / 29.80元
357,谈判力,7.6,169,作者/译者： 罗杰・费希尔 / 布鲁斯・巴顿 / 威廉・尤里 ,出版信息：  中信出版社 / 2012-8 / 32.00元
358,你的时间有限，不要为别人而活,7.6,251,作者/译者： [日]熊谷正寿 / 王淑仪 ,出版信息：  同心出版社 / 2014-10 / 32.8元
359,如何掌控自己的时间和生活,7.6,4504,作者/译者： [美] 阿兰・拉金 / 刘祥亚 ,出版信息：  金城出版社 / 2005-9 / 18.80元
360,做最好的自己,7.6,9487,作者/译者： 李开复 ,出版信息：  人民出版社 / 2005-9 / 28.00元
361,情商2,7.6,443,作者/译者： ［美］丹尼尔・戈尔曼 ,出版信息：  中信出版社 / 2010-12-1 / 49.00元
362,y座桑fg,7.6,539,作者/译者： 小太郎 / fF翰 ,出版信息：  三采文化出版事I有限公司 / 2008-4-2 / NT$260
363,世界最简单解决问题的方法,7.6,460,作者/译者： (日)渡边健介 / 姜媛媛 ,出版信息：  南海出版公司 / 2008-08-01 / 19.80元
364,激活你大脑的“图解思考”术,7.6,68,作者/译者： 永田丰志 ,出版信息：  王欣 / 2012-6 / 29.80元
365,羊皮卷,7.6,2085,作者/译者： 奥格・曼狄诺 / 王琼 ,出版信息：  世界知识出版社 / 2004-5-1 / 38.00元
366,钱的外遇,7.6,311,作者/译者： 周显 ,出版信息：  广东经济 / 2009-8 / 28.00元
367,持续的幸福,7.6,127,作者/译者： [美]马丁?塞利格曼（Martin E.P. Seligman） / 赵昱鲲 ,出版信息：  浙江人民出版社 / 2012-11 / 49.90元
368,学习要像加勒比海盗,7.6,246,作者/译者： [美]詹姆斯・巴哈(James Marcus Bach) / 边春媛 ,出版信息：  中国青年出版社 / 2011-1 / 24.00元
369,别让猴子跳回背上,7.6,335,作者/译者： [美] 威廉・安肯三世（William Oncken，Ⅲ） / 陈美岑 ,出版信息：  湛庐文化策划 中国人民大学出版社 / 2009-9 / 28.00元
370,慢慢来，让灵魂跟上来,7.6,387,作者/译者： meiya ,出版信息：  北京联合出版公司 / 2013-9-1 / 32.8
371,金字塔原理2,7.6,162,作者/译者： （美）明托 / 罗若苹 ,出版信息：  南海出版社 / 2011-4-1 / 38.00元
372,专念,7.6,195,作者/译者： [美]埃伦 兰格 / 王佳艺 ,出版信息：  浙江人民出版社 / 2012-4 / 39.80元
373,我怎么没想到？,7.6,79,作者/译者： 查尔斯?W?麦科伊 / 曹彦博 ,出版信息：  中信出版社 / 2002-8-1 / 22.00
374,谁说咸鱼没有梦想,7.5,108,作者/译者： 水湄物语 ,出版信息：  北京联合出版公司 / 2015-10-1 / CNY 35.00
375,如何高效学习,7.5,2632,作者/译者： [美]斯科特・扬 / 程冕 ,出版信息：  机械工业出版社 / 2013-12-1 / 35.00元
376,罗辑思维：迷茫时代的明白人,7.5,418,作者/译者： 罗振宇 ,出版信息：  北京联合出版公司 / 2015-9 / 42
377,格局逆袭,7.5,174,作者/译者： ,出版信息： 中信出版社 / 2015-9-25 / 万能的大熊（宗宁）
378,记事本圆梦计划,7.5,2419,作者/译者： 熊谷正寿 / 王淑仪 ,出版信息：  同心出版社 / 2011-7-1 / 29.80元
379,你的身体，是一切美好的开始,7.5,366,作者/译者： 【美】卡梅隆B迪亚茨 / 【美】桑德拉B巴克 / 王敏 ,出版信息：  北京联合出版公司 / 2015-2 / 68.00
380,一万小时天才理论,7.5,3221,作者/译者： [美] 丹尼尔・科伊尔 / 张科丽 ,出版信息：  中国人民大学出版社 / 2010-2 / 32.00元
381,麦肯锡精英的48个工作习惯,7.5,77,作者/译者： 户V隆将 ,出版信息：  千太阳 / 2015-7-1 / 35
382,慢慢来.一切都来得及,7.5,6815,作者/译者： meiya ,出版信息：  中国商业出版社 / 2012-12 / 29.80元
383,专业主义,7.5,2065,作者/译者： [日] 大前研一 / 裴立杰 ,出版信息：  中信出版社 / 2006-6 / 28.00元
384,现在，发现你的优势,7.5,3129,作者/译者： [美] 马库斯・白金汉 / 唐纳德・克利夫顿 / 方晓光 ,出版信息：  中国青年出版社 / 2010-11 / 38.00元
385,思考的艺术,7.5,229,作者/译者： 文森特?赖安?拉吉罗 / 金盛华 / 李红霞 / 邹红 ,出版信息：  机械工业出版社 / 2013-1-1 / 39.00元
386,读大学，究竟读什么,7.5,7648,作者/译者： 覃彪喜 ,出版信息：  南方日报出版社 / 2006-3 / 25.00元
387,TED演讲的秘密,7.5,317,作者/译者： [美] 杰瑞米?多诺万(Jememey Donovan) / 冯J / 安超 ,出版信息：  中国人民大学出版社 / 2014-4-1 / CNY 36.90
388,女人明白要趁早,7.5,1746,作者/译者： 王潇 ,出版信息：  陕西人民出版社 / 2010-1 / 28.00元
389,跑步圣经,7.5,1113,作者/译者： [美] 希恩 / 郭佳 ,出版信息：  国际文化 / 2007-1 / 29.80元
390,崭新的理所当然,7.5,147,作者/译者： [日] 松浦弥太郎 / 张富玲 / 浦睿文化,出版信息： 湖南人民出版社 / 2015-5 / 32.00元
391,吃早餐，彻底改变了我,7.5,558,作者/译者： Hana / 卤猫 ,出版信息：  中国华侨出版社 / 2014-3-1 / 36
392,从三分钟热度到一万个小时,7.5,10,作者/译者： （美）罗宾丝婷 / 刘怡女 ,出版信息：  企业管理出版社 / 2015-10-11 / 39.8
393,津巴多时间心理学,7.5,737,作者/译者： [美]菲利普・津巴多 / [美]约翰・博伊德 / 段鑫星 ,出版信息：  万卷出版公司 / 2010-8-1 / 49.80元
394,时间管理,7.5,454,作者/译者： 吉姆・兰德尔(Jim Randel) / 舒建广 ,出版信息：  上海交通大学出版社 / 2012-1-1 / 20.00元
395,盖洛普优势识别器2.0,7.5,365,作者/译者： 汤姆?拉思 (Tom Rath) ,出版信息：  中国青年出版社 / 2012-7-15 / 68.00元
396,在家就能读MBA,7.5,87,作者/译者： 乔希・考夫曼 / 王占波 曹雪 周小雅 ,出版信息：  机械工业出版社 / 2012-1 / 48.00元
397,时间投资法,7.5,1707,作者/译者： 胜间和代 / 聂星超 ,出版信息：  中信出版社 / 2009 / 25.00元
398,时间管理幸福学,7.5,1806,作者/译者： 吴淡如 ,出版信息：  化学工业 / 2009-1 / 24.80元
399,松浦太郎．生活中的巧思clFP三部曲,7.5,65,作者/译者： 松浦太郎 / 富玲 ,出版信息：  田出版社 / 2011-9-27 / NT$ 550
400,让天赋自由,7.5,533,作者/译者： [美] 肯?罗宾逊 卢?阿罗尼卡 著 / 申志兵 ,出版信息：  中信出版社 / 2009-12-1 / 29.00元
401,餐巾纸的背面,7.5,198,作者/译者： 丹?罗姆 (Dan Roam) / 颜筝 / 徐思源 ,出版信息：  中信出版社 / 2012-10 / 49.00元
402,你的降落伞是什么颜色？,7.5,521,作者/译者： [美] 理查德・尼尔森・鲍利斯 / 陈玮 等 ,出版信息：  中信出版社 / 2002-5 / 25.00元
403,我把一切告诉你1,7.5,202,作者/译者： 万里依然 ,出版信息：  中信出版社 / 2012-1-1 / 29.00元
404,问题解决力,7.5,395,作者/译者： [日] 大前研一 / 斋藤显一 / 李颖秋 ,出版信息：  中华工商联合出版社 / 2010-1 / 28.00元
405,创造商业头脑的7种框架力,7.5,405,作者/译者： 胜间和代 / 传神联合翻译公司 ,出版信息：  化学工业 / 2010-1 / 28.00元
406,不要让未来的你，讨厌现在的自己,7.4,3586,作者/译者： 特立独行的猫 ,出版信息：  武汉出版社 / 2014-8-1 / 32.80
407,麦肯锡入职培训第一课,7.4,272,作者/译者： [日]大岛祥誉 / 颜彩彩 ,出版信息：  北京联合出版公司・后浪出版公司 / 2015-5 / 28.00元
408,不被理想束缚的生活,7.4,163,作者/译者： [日]金子由纪子 / 烨伊 ,出版信息：  北京联合出版公司・后浪出版公司 / 2015-6 / 25.00元
409,10倍速学习法,7.4,203,作者/译者： 薇雷娜.施坦纳 / 车云 ,出版信息：  南海出版社 / 2004-06 / 20.00
410,拖拉一点也无妨,7.4,2791,作者/译者： [美] 约翰?佩里 / 苏西 ,出版信息：  浙江大学出版社 / 2013-7-1 / 28
411,神奇手账,7.4,134,作者/译者： 佐藤惠 / 蔡丽蓉 ,出版信息：  北方妇女儿童出版社 / 2015-8-1 / 36
412,P女王的手せ钣眯g,7.4,1882,作者/译者： 林玲 ,出版信息：  三采文化出版事I有限公司 / 2010 / NT$260
413,思维导图,7.4,3510,作者/译者： 东尼・博赞 / 巴利・博赞 / 叶刚 ,出版信息：  中信出版社 / 2009-4 / 27.00元
414,我的漂亮朋友,7.4,342,作者/译者： 陈果 ,出版信息：  百花洲文艺出版社 / 2015-6-15 / 36.00元
415,麦肯锡方法,7.4,1537,作者/译者： 艾森・拉塞尔(Ethan M.Rasiel) / 张薇薇 ,出版信息：  机械工业出版社 / 2010-1-1 / 30.00元
416,1368个单词就够了,7.4,231,作者/译者： 王乐平 ,出版信息：  北京联合出版社 / 2014-10 / 39.8
417,如何把事情做到最好,7.4,223,作者/译者： 乔治・伦纳德 (Georqe Leonard) ,出版信息：  中国青年出版社 / 2014-2-1 / CNY 29.90
418,蔡康永的说话之道,7.4,537,作者/译者： 蔡康永 ,出版信息：  湖南文艺出版社 / 2014-7-1 / 30.00元
419,冷读术,7.4,353,作者/译者： 石井裕之 ,出版信息：  风起 / 新知三联书店 / 30
420,简单的逻辑学,7.4,1335,作者/译者： 麦克伦尼 / 赵明燕 ,出版信息：  中国人民大学出版社 / 2008.1 / 25.00元
421,真希望我20几岁就知道的事,7.4,2393,作者/译者： [美] 蒂娜・齐莉格 / 邢爽 / 裴卫芳 ,出版信息：  陕西师范大学出版社 / 2010-4 / 26.80元
422,专业主义,7.4,660,作者/译者： 大前研一 / 裴立杰 ,出版信息：  中信出版社 / 2010年10月14日 / 32.00元
423,你远比想象中强大,7.4,142,作者/译者： [挪威]埃里克・贝特朗・拉森 / 王岑卉 ,出版信息：  北京联合出版公司 / 2015-1 / 49.80
424,让未来的你，感谢现在的自己,7.4,360,作者/译者： 徐沪生 / GayScript ,出版信息：  中国文联出版社 / 2015-1 / 32.00元
425,有些事现在不做，一辈子都不会做了,7.4,7205,作者/译者： 韩梅梅 ,出版信息：  北方妇女儿童出版社 / 2010-1 / 25.00元
426,自控力2：瑜伽实操篇,7.4,163,作者/译者： 凯利?麦格尼格尔 ,出版信息：  王岑卉 / 2013-5 / 39.8
427,本能,7.4,1305,作者/译者： [美]特里・伯纳姆 / 李存娜 ,出版信息：  中信出版社 / 2009-10 / 28.00元
428,别告诉我你懂PPT,7.4,3077,作者/译者： 李治 ,出版信息：  北京大学出版社 / 2010-3 / 38.00元
429,专业化生存,7.4,97,作者/译者： [美]布兰登・伯查德 / 王岑卉 ,出版信息：  中国华侨出版社 / 2014-6 / 39.8
430,趁年轻.折腾吧,7.4,928,作者/译者： 袁岳 ,出版信息：  上海财经大学出版社 / 2013-1 / 32.80元
431,重来2,7.4,385,作者/译者： [美] 贾森・弗里德 / [美] 戴维・海涅迈尔・汉森 / 苏西 ,出版信息：  中信出版社 / 2014-4-8 / 39.00元
432,眨眼之间,7.4,626,作者/译者： 马尔科姆・格拉德威尔 / 靳婷婷 ,出版信息：  中信出版社 / 2011-12 / 29.00元
433,谁在操纵你？,7.4,325,作者/译者： 布瑞克 / 付蕾 ,出版信息：  中国水利水电出版社 / 2005-1 / 25.00元
434,80/20法则,7.4,380,作者/译者： 理查德・科克 ,出版信息：  冯斌 / 2008-5 / 39.00元
435,超级记忆,7.4,478,作者/译者： 东尼・博赞（Tony Buzan) / 叶刚 ,出版信息：  中信出版社 / 2009-7-1 / 18.00元
436,秋叶：如何高效读懂一本书,7.3,332,作者/译者： 秋叶 著 / 叶光森 整理 ,出版信息：  北京联合出版公司 / 2015-7-1 / 39.80
437,蔡康永的说话之道2,7.3,1693,作者/译者： 蔡康永 著 / 兔斯基团队 插画 ,出版信息：  湖南文艺出版社 / 2014-8 / 35.00元
438,30岁前的每一天,7.3,4891,作者/译者： 水湄物语 ,出版信息：  中国商业出版社 / 2012-12-25 / 32.80元
439,不持有的生活,7.3,1286,作者/译者： 金子由纪子 / 燕子 ,出版信息：  山东人民出版社 / 2009-9-1 / 29.00元
440,你的知识需要管理,7.3,2047,作者/译者： 田志刚 ,出版信息：  辽宁科学技术出版社 / 2010-3 / 25.00元
441,知日・断舍离,7.3,2829,作者/译者： 苏静 ,出版信息：  中信出版社 / 2013-7-20 / 35.00元
442,不抱怨的世界,7.3,11502,作者/译者： [美] 威尔・鲍温 / 陈敬F ,出版信息：  陕西师范大学出版社 / 2009-4 / 24.80
443,你的第一本思维导图操作书,7.3,339,作者/译者： 陈资璧 卢慈伟 ,出版信息：  湖南人民出版社 / 2012-7 / 35.00元
444,六顶思考帽,7.3,1593,作者/译者： 爱德华・德・波诺 / 冯杨 ,出版信息：  北京科学技术出版社 / 2004-01-01 / 25.00
445,德国式家居收纳术,7.3,219,作者/译者： [日]门仓多仁亚 / 黄曙玉 ,出版信息：  山东人民出版社 / 2013-11 / 28.00
446,一万小时天才理论（经典版）,7.3,18,作者/译者： [美] 丹尼尔?科伊尔 / 张科丽 ,出版信息：  浙江人民出版社 / 2015-9 / 49.90元
447,扫除力,7.3,737,作者/译者： 舛田光洋 / 张M ,出版信息：  东方出版社 / 2010-6-1 / 25.00元
448,你的形象价值百万,7.3,1226,作者/译者： （加）英格丽 ,出版信息：  中国青年出版社 / :2005年6月1日 / 25.00元
449,你一年的8760小时,7.2,850,作者/译者： 艾力 ,出版信息：  江苏凤凰文艺出版社 / 2015-8 / 35
450,哪有没时间这回事,7.2,96,作者/译者： 纪元 ,出版信息：  北京联合出版社 / 2015-10-1 / 32.00
451,谁动了我的奶酪？,7.2,26319,作者/译者： [美] 斯宾塞・约翰逊 / 吴立俊 ,出版信息：  中信出版社 / 2001-9 / 16.80元
452,带人的技术,7.2,567,作者/译者： [日]石田淳 / 孙玉珍 ,出版信息：  北京联合出版公司・后浪出版公司 / 2014-11 / 36.00元
453,思考力：潮爆东京大学的思维公开课,7.2,86,作者/译者： 上田正仁 / 陈雪冰 ,出版信息：  中信出版社 / 2015-6-1 / CNY 35.00
454,这样读书就够了,7.2,1176,作者/译者： 赵周 ,出版信息：  中央广播电视大学出版社 / 2012-12 / 39.00元
455,专注力,7.2,334,作者/译者： 于尔根?沃尔夫(Jurgen Wolff) / 朱曼 ,出版信息：  机械工业出版社 / 2013-5 / 35.00元
456,书都不会读，你还想成功,7.2,928,作者/译者： 二志成 郑会一 ,出版信息：  广西科学技术出版社 / 2013-4-1 / 32.00元
457,学习的艺术,7.2,441,作者/译者： 沃尔特・皮特金 / 洪友 ,出版信息：  中国发展出版社 / 2006-5 / 25.00元
458,麦肯锡工作法,7.2,291,作者/译者： 大岛祥誉 / 王柏静 ,出版信息：  中信出版社 / 2014-5-1 / CNY 32.00
459,超级聊天术,7.2,387,作者/译者： （日本）斋藤孝 / 李静宜 ,"出版信息：  凤凰出版传媒集团,凤凰出版传媒股份有限公司,译林出版社 / 2012-5-1 / 28.00元"
460,吃掉那只青蛙,7.2,501,作者/译者： （美）崔西 / 许海燕 ,出版信息：  化学工业出版社 / 2009-1-1 / 25.00元
461,自制力,7.2,300,作者/译者： 高原 ,出版信息：  江苏文艺出版社 / 2013-5-1 / 35.00
462,如何控制自己的情绪,7.2,170,作者/译者： [美]奇普?康利 （Chip Conley） / [美]谢传刚 ,出版信息：  中信出版社 / 2013-11-1 / 38.00元
463,极简术,7.2,37,作者/译者： 四角大辅/Daisuke Yosumi ,出版信息：  李达章 / 北京出版集团 / 2014-12-31
464,考上第一志的P本：|大合格生P大公_,7.2,439,作者/译者： 太田文 ,出版信息：  出版公司 / 2010-01-08 / 299NT
465,关键20小时，快速学会任何技能！,7.1,21,作者/译者： 乔希?考夫曼（Josh Kaufman） / 任忆 ,出版信息：  机械工业出版社 / 2015-11-20 / 39.00元
466,从一个人开始,7.1,14,作者/译者： （日）川北义则 / 林仁惠 ,出版信息：  江苏文艺出版社 / 2015-10 / 36.00
467,轻断食,7.1,1732,作者/译者： [英]麦克尔?莫斯利 医学博士 Dr. Michael Mosley / [英]咪咪?史宾赛 Mimi Spencer / 谢佳真 ,出版信息：  广东科技出版社 / 2014-6-1 / 36.80元
468,晨间日记的奇迹,7.1,2681,作者/译者： 佐藤传 / 赵明敏 ,出版信息：  南海出版社 / 2009-5 / 25.00元
469,断舍离,7.1,773,作者/译者： 山下英子 / 洪逸慧 ,出版信息：  中信出版社 / 2014-1-1 / CNY 26.00
470,整理的艺术4：升职从整理开始,7.1,161,作者/译者： [日]小山龙介 / 李青 ,出版信息：  世界图书出版公司・后浪出版公司 / 2014-5 / 29.80元
471,断舍离（心灵篇）,7.1,669,作者/译者： 【日】山下英子 / 王珊 ,出版信息：  广西科学技术出版社 / 2014-3-1 / 32.00元
472,整理的艺术3：创意是整理出来的,7.1,207,作者/译者： [日]小山龙介 / 原尻淳一 / 阿修菌 ,出版信息：  世界图书出版公司・后浪出版公司 / 2013-10 / 29.80元
473,杠杆阅读术,7.1,846,作者/译者： [日] 本田直之 / 叶冰婷 ,出版信息：  天津教育出版社 / 2009-11 / 25.80元
474,那些伤，为什么我还放不下：斯坦福大学最重要的一堂情绪管理课,7.1,217,作者/译者： 【美】Jim Dincalci / 袁小茶 ,出版信息：  广西科学技术出版社 / 2014-7 / 35.00元
475,整理的艺术2：时间是整理出来的,7,601,作者/译者： [日]小山龙介 / 阿修菌 ,出版信息：  世界图书出版公司・后浪出版公司 / 2013-6 / 29.80元
476,清单革命,7,826,作者/译者： [美] 阿图?葛文德（Atul Gawande） / 王佳艺 ,出版信息：  浙江人民出版社 / 2012-7-1 / 49.90元
477,冥想5分钟，等于熟睡一小时,7,472,作者/译者： [美] 里克・汉森 / 理查德・蒙迪思 / 姜勇 ,出版信息：  上海锦绣文章出版社 / 2011-4 / 29.80元
478,优雅,7,2550,作者/译者： 晓雪 ,出版信息：  广西师范大学出版社 / 2012-7 / 35.00元
479,7天治愈拖延症,7,1041,作者/译者： 丁小云 ,出版信息：  中国华侨出版社 / 2013-11 / 32.8
480,专注,7,70,作者/译者： 【美】丹尼尔?戈尔曼 / 杨春晓 ,出版信息：  中信出版社 / 2015-4 / 49.00
481,正能量,7,3503,作者/译者： 理查德・怀斯曼 ,出版信息：  湖南文艺出版社 / 2012-8-1 / 29.80元
482,邻家的百万富翁,7,182,作者/译者： 托马斯・斯坦利 / 王正林 / 王权 ,出版信息：  中信出版社 / 2011-6 / 39.00元
483,整理的艺术,6.9,1889,作者/译者： （日）小山龙介 / 周洁 ,出版信息：  世界图书出版公司・后浪出版公司 / 2012-4 / 28.00元
484,别告诉我你会记笔记,6.9,2605,作者/译者： [日] 美崎荣一郎 / 糜玲 ,出版信息：  中信出版社 / 2011-5 / 35.00元
485,跟法国女人学雅致,6.9,264,作者/译者： 【美】蒂什・杰特 / 赵萌萌 ,出版信息：  中信出版社 / 2014-10 / 38.00元
486,绝佳提问,6.9,52,作者/译者： [美]沃伦・贝格尔（Warren Berger） / 常宁 ,出版信息：  浙江人民出版社 / 2015-6 / 52.90元
487,P女王的手せ钣眯g 2,6.9,1059,作者/译者： 林佩玲（ada） ,出版信息：  三采文化出版事I有限公司 / 2010-10 / NT$280
488,做内心强大的女人,6.8,162,作者/译者： 戴尔・卡耐基 ,出版信息：  王辉 / 2012-12 / 29.90元
489,世界如此险恶，你要内心强大,6.8,3810,作者/译者： 石勇 ,出版信息：  印刷工业出版社 / 2011-7 / 29.80元
490,跟任何人都聊得来,6.7,759,作者/译者： ( 美) 迈克?贝克特尔（Mike Bechtle） / 陈芳芳 ,出版信息：  九州出版社・阳光博客 / 2014-7-1 / 36.00
491,超级时间整理术,6.7,863,作者/译者： 迈克尔?赫佩尔 (Michael Heppell) / 刘丹 ,出版信息：  人民邮电出版社 / 2012-8-1 / 29.80元
492,阅读整理学,6.7,234,作者/译者： [日]外山滋比古 / 吕美女 ,出版信息：  北京联合出版公司・后浪出版公司 / 2014-9 / 25.00元
493,30年后，你拿什么养活自己？,6.6,3018,作者/译者： [韩] 高得诚 / 郑成镇 / 崔秉熙 / 唐建军 ,出版信息：  广西科学技术出版社 / 2010-4 / 28.00元
494,4点起床,6.6,1393,作者/译者： 【日】中岛孝志 / 曹逸冰 ,出版信息：  印刷工业出版社 / 2011-8 / 34.80元
495,致加西亚的信,6.6,4291,作者/译者： [美] 阿尔伯特・哈伯德 / 赵立光 / 艾柯 ,出版信息：  哈尔滨出版社 / 2004-4 / 16.80元
496,断舍离,6.6,140,作者/译者： 山下英子 / 孙律 ,出版信息：  中国友谊出版公司 / 2015-3-1 / 29.8元
497,当时忍住就好了,6.6,318,作者/译者： [美]肯?林德纳 / 钱峰 ,出版信息：  中国友谊出版公司 / 2013-12 / 38.00
498,A6全能Pg,6.6,235,作者/译者： W野宣之 / 詹慕如 ,出版信息：  田出版 / 2010-6-3 / NT$280
499,聪明人用方格笔记本,6.5,403,作者/译者： 高桥政史 / 袁小雅 ,出版信息：  湖南文艺出版社 / 2015-6-1 / 38.00
500,知日・手账最高,6.5,1067,作者/译者： 苏静 ,出版信息：  中信出版社 / 2014-11-1 / CNY 35.00
501,Evernote超效率数字笔记术,6.5,642,作者/译者： 电脑玩物站长 / 杨敬周 ,出版信息：  人民邮电出版社 / 2013-5 / 35.00元
502,解决问题最简单的方法,6.5,145,作者/译者： 【英】达伦 布里奇，戴维 路易斯 ,出版信息：  秦彦杰 / 新世界出版社 / 32.00
503,"不小心,日子过得这么有趣",6.5,245,作者/译者： 垒抠 ,出版信息：  中信出版社 / 2014-4-1 / CNY 32.00
504,像她那么有范儿,6.4,95,作者/译者： ,出版信息： 王逅逅 / 译林出版社 / 2014-11-1
505,复盘,6.4,108,作者/译者： 陈中 ,出版信息：  机械工业出版社 / 2013-7-23 / 29
506,少年啊，前路漫漫,6.2,160,作者/译者： 徐沪生GayScript ,出版信息：  长江文艺出版社 / 2015-9-1 / 36.80
507,超级整理术,6.2,945,作者/译者： 泉正人 / 孙曼 ,出版信息：  中国友谊出版公司 / 2011-1 / 26.00元
508,聪明人是如何思考的,6,157,作者/译者： 【英】比尔 ? 卢卡斯 / 刘畅 ,出版信息：  北京时代华文书局  阳光博客 / 2015-5 / 36.00元
509,不上班的23种活法,5.1,54,作者/译者： 唐华山 ,出版信息：  北京出版社 / 2006-9 / 22.00元
510,别让情绪失控害了你,0,0,作者/译者： ,出版信息： 
